13,joe1,18,13800138000,wennjoe@163.com
14,joe2,18,13800138000,wennjoe@163.com
15,joe3,18,13800138000,wennjoe@163.com
16,joe4,18,13800138000,wennjoe@163.com
17,joe5,18,13800138000,wennjoe@163.com
18,joe6,18,13800138000,wennjoe@163.com
19,joe7,18,13800138000,wennjoe@163.com
20,joe8,18,13800138000,wennjoe@163.com
21,joe9,18,13800138000,wennjoe@163.com
22,joe10,18,13800138000,wennjoe@163.com
23,joe11,18,13800138000,wennjoe@163.com
24,joe12,18,13800138000,wennjoe@163.com
25,joe13,18,13800138000,wennjoe@163.com
26,joe14,18,13800138000,wennjoe@163.com
27,joe15,18,13800138000,wennjoe@163.com
28,joe16,18,13800138000,wennjoe@163.com
29,joe17,18,13800138000,wennjoe@163.com
30,joe18,18,13800138000,wennjoe@163.com
31,joe19,18,13800138000,wennjoe@163.com
32,joe20,18,13800138000,wennjoe@163.com
33,joe21,18,13800138000,wennjoe@163.com
34,joe22,18,13800138000,wennjoe@163.com
35,joe23,18,13800138000,wennjoe@163.com
36,joe24,18,13800138000,wennjoe@163.com
37,joe25,18,13800138000,wennjoe@163.com
38,joe26,18,13800138000,wennjoe@163.com
39,joe27,18,13800138000,wennjoe@163.com
40,joe28,18,13800138000,wennjoe@163.com
41,joe29,18,13800138000,wennjoe@163.com
42,joe30,18,13800138000,wennjoe@163.com
43,joe31,18,13800138000,wennjoe@163.com
44,joe32,18,13800138000,wennjoe@163.com
45,joe33,18,13800138000,wennjoe@163.com
46,joe34,18,13800138000,wennjoe@163.com
47,joe35,18,13800138000,wennjoe@163.com
48,joe36,18,13800138000,wennjoe@163.com
49,joe37,18,13800138000,wennjoe@163.com
50,joe38,18,13800138000,wennjoe@163.com
51,joe39,18,13800138000,wennjoe@163.com
52,joe40,18,13800138000,wennjoe@163.com
53,joe41,18,13800138000,wennjoe@163.com
54,joe42,18,13800138000,wennjoe@163.com
55,joe43,18,13800138000,wennjoe@163.com
56,joe44,18,13800138000,wennjoe@163.com
57,joe45,18,13800138000,wennjoe@163.com
58,joe46,18,13800138000,wennjoe@163.com
59,joe47,18,13800138000,wennjoe@163.com
60,joe48,18,13800138000,wennjoe@163.com
61,joe49,18,13800138000,wennjoe@163.com
62,joe50,18,13800138000,wennjoe@163.com
63,joe51,18,13800138000,wennjoe@163.com
64,joe52,18,13800138000,wennjoe@163.com
65,joe53,18,13800138000,wennjoe@163.com
66,joe54,18,13800138000,wennjoe@163.com
67,joe55,18,13800138000,wennjoe@163.com
68,joe56,18,13800138000,wennjoe@163.com
69,joe57,18,13800138000,wennjoe@163.com
70,joe58,18,13800138000,wennjoe@163.com
71,joe59,18,13800138000,wennjoe@163.com
72,joe60,18,13800138000,wennjoe@163.com
73,joe61,18,13800138000,wennjoe@163.com
74,joe62,18,13800138000,wennjoe@163.com
75,joe63,18,13800138000,wennjoe@163.com
76,joe64,18,13800138000,wennjoe@163.com
77,joe65,18,13800138000,wennjoe@163.com
78,joe66,18,13800138000,wennjoe@163.com
79,joe67,18,13800138000,wennjoe@163.com
80,joe68,18,13800138000,wennjoe@163.com
81,joe69,18,13800138000,wennjoe@163.com
82,joe70,18,13800138000,wennjoe@163.com
83,joe71,18,13800138000,wennjoe@163.com
84,joe72,18,13800138000,wennjoe@163.com
85,joe73,18,13800138000,wennjoe@163.com
86,joe74,18,13800138000,wennjoe@163.com
87,joe75,18,13800138000,wennjoe@163.com
88,joe76,18,13800138000,wennjoe@163.com
89,joe77,18,13800138000,wennjoe@163.com
90,joe78,18,13800138000,wennjoe@163.com
91,joe79,18,13800138000,wennjoe@163.com
92,joe80,18,13800138000,wennjoe@163.com
93,joe81,18,13800138000,wennjoe@163.com
94,joe82,18,13800138000,wennjoe@163.com
95,joe83,18,13800138000,wennjoe@163.com
96,joe84,18,13800138000,wennjoe@163.com
97,joe85,18,13800138000,wennjoe@163.com
98,joe86,18,13800138000,wennjoe@163.com
99,joe87,18,13800138000,wennjoe@163.com
100,joe88,18,13800138000,wennjoe@163.com
101,joe89,18,13800138000,wennjoe@163.com
102,joe90,18,13800138000,wennjoe@163.com
103,joe91,18,13800138000,wennjoe@163.com
104,joe92,18,13800138000,wennjoe@163.com
105,joe93,18,13800138000,wennjoe@163.com
106,joe94,18,13800138000,wennjoe@163.com
107,joe95,18,13800138000,wennjoe@163.com
108,joe96,18,13800138000,wennjoe@163.com
109,joe97,18,13800138000,wennjoe@163.com
110,joe98,18,13800138000,wennjoe@163.com
111,joe99,18,13800138000,wennjoe@163.com
112,joe,20,13800138000,wennjoe@163.com
